City,State
Battle Creek,Michigan
Bemidji,Minnesota
Latrobe,Pennsylvania
Charleston,South Carolina
Mosinee,Wisconsin
Pittsburgh,Pennsylvania
Charlotte,North Carolina
Freeland,Michigan
Cincinnati,Ohio
Lexington,Kentucky
Swanton,Ohio
Colorado Springs,Colorado
Manchester,New Hampshire
Tulsa,Oklahoma
Dallas,Texas
Des Moines,Iowa
Houston,Texas
Fayetteville,North Carolina
Fayetteville,North Carolina
Manchester,New Hampshire
Rio Rancho,New Mexico
Phoenix,Arizona
Greenville,North Carolina
Henderson,Nevada
Toledo,Ohio
Hershey,Pennsylvania
Winston-Salem,North Carolina
Las Vegas,Nevada
Milwaukee,Wisconsin
Minneapolis,Minnesota
Yuma,Arizona
Minden,Nevada
Manchester,New Hampshire
Tupelo,Mississippi
Wildwood,New Jersey
